INSERT INTO LUOGHI (LATITUDINE, LONGITUDINE, CITTA) 
VALUES ('41,891', '12,511', 1);

INSERT INTO LUOGHI (LATITUDINE, LONGITUDINE, CITTA) 
VALUES ('23,002', '45,998', 2);

INSERT INTO LUOGHI (LATITUDINE, LONGITUDINE, CITTA) 
VALUES ('14,000', '72,896', 3);

INSERT INTO LUOGHI (LATITUDINE, LONGITUDINE, CITTA) 
VALUES ('21,088', '23,002', 4);

INSERT INTO LUOGHI (LATITUDINE, LONGITUDINE, CITTA) 
VALUES ('78,896', '45,632', 5);

INSERT INTO LUOGHI (LATITUDINE, LONGITUDINE, CITTA) 
VALUES ('16,564', '49,458', 6);

INSERT INTO LUOGHI (LATITUDINE, LONGITUDINE, CITTA) 
VALUES ('13,045', '16,789', 7);

INSERT INTO LUOGHI (LATITUDINE, LONGITUDINE, CITTA)
VALUES ('46,789', '56,054', 8);

INSERT INTO LUOGHI (LATITUDINE, LONGITUDINE, CITTA) 
VALUES ('20,004', '20,008', 9);

INSERT INTO VIAGGI (CODICE, PREZZO, DURATA, POSTI, POSTI_DISPONIBILI, 
    AUTISTA, LATITUDINE_PARTENZA, LONGITUDINE_PARTENZA, 
    DATA_PARTENZA, LATITUDINE_ARRIVO, 
    LONGITUDINE_ARRIVO, DATA_ARRIVO) 
    VALUES (codViaggio_Gen.nextval, '13,50', '+00 03:30:00.000000', 
    '4', '4', '000001', '41,891', '12,511',
    TO_DATE('2018-05-05 13:30:00', 'YYYY-MM-DD HH24:MI:SS'),
    '23,002', '45,998', 
    TO_DATE('2018-05-05 17:00:00', 'YYYY-MM-DD HH24:MI:SS'));

INSERT INTO VIAGGI (CODICE, PREZZO, DURATA, POSTI, POSTI_DISPONIBILI, 
    AUTISTA, LATITUDINE_PARTENZA, LONGITUDINE_PARTENZA, 
    DATA_PARTENZA, LATITUDINE_ARRIVO,
    LONGITUDINE_ARRIVO, DATA_ARRIVO) 
    VALUES (codViaggio_Gen.nextval, '15,00', '+00 02:00:00.000000',
    '4', '4', '000002', '14,000', '72,896', 
    TO_DATE('2018-01-01 13:00:00', 'YYYY-MM-DD HH24:MI:SS'),
    '21,088', '23,002',
    TO_DATE('2018-01-01 15:00:00', 'YYYY-MM-DD HH24:MI:SS'));
    
INSERT INTO VIAGGI (CODICE, PREZZO, DURATA, POSTI, POSTI_DISPONIBILI, 
    AUTISTA, LATITUDINE_PARTENZA, LONGITUDINE_PARTENZA, 
    DATA_PARTENZA, LATITUDINE_ARRIVO, 
    LONGITUDINE_ARRIVO, DATA_ARRIVO) 
    VALUES (codViaggio_Gen.nextval, '17,00', '+00 04:00:00.000000', 
    '4', '4', '000003', '78,896', '45,632', 
    TO_DATE('2018-02-02 14:00:00', 'YYYY-MM-DD HH24:MI:SS'),
    '16,564', '49,458', 
    TO_DATE('2018-02-02 18:00:00', 'YYYY-MM-DD HH24:MI:SS'));

INSERT INTO VIAGGI (CODICE, PREZZO, DURATA, POSTI, POSTI_DISPONIBILI, 
    AUTISTA, LATITUDINE_PARTENZA, LONGITUDINE_PARTENZA, 
    DATA_PARTENZA, LATITUDINE_ARRIVO, 
    LONGITUDINE_ARRIVO, DATA_ARRIVO) 
    VALUES (codViaggio_Gen.nextval, '18,00', '+00 01:00:00.000000', 
    '4', '4', '000004', '13,045', '16,789', 
    TO_DATE('2018-03-03 13:00:00', 'YYYY-MM-DD HH24:MI:SS'),
    '46,789', '56,054', 
    TO_DATE('2018-03-03 14:00:00', 'YYYY-MM-DD HH24:MI:SS'));
    
INSERT INTO VIAGGI (CODICE, PREZZO, DURATA, POSTI, POSTI_DISPONIBILI, 
    AUTISTA, LATITUDINE_PARTENZA, LONGITUDINE_PARTENZA, 
    DATA_PARTENZA, LATITUDINE_ARRIVO, 
    LONGITUDINE_ARRIVO, DATA_ARRIVO) 
    VALUES (codViaggio_Gen.nextval, '19,00', '+00 05:00:00.000000', 
    '4', '4', '000001', '20,004', '20,008',
    TO_DATE('2018-04-04 13:30:00', 'YYYY-MM-DD HH24:MI:SS'),
    '41,891', '12,511', 
    TO_DATE('2018-04-04 18:30:00', 'YYYY-MM-DD HH24:MI:SS'));

INSERT INTO VIAGGI (CODICE, PREZZO, DURATA, POSTI, POSTI_DISPONIBILI, 
    AUTISTA, LATITUDINE_PARTENZA, LONGITUDINE_PARTENZA, 
    DATA_PARTENZA, LATITUDINE_ARRIVO, 
    LONGITUDINE_ARRIVO, DATA_ARRIVO) 
    VALUES (codViaggio_Gen.nextval, '20,00', '+00 06:00:00.000000',
    '4', '4', '000002', '23,002', '45,998', 
    TO_DATE('2018-06-06 13:30:00', 'YYYY-MM-DD HH24:MI:SS'),
    '14,000', '72,896', 
    TO_DATE('2018-06-06 19:30:00', 'YYYY-MM-DD HH24:MI:SS'));
    
INSERT INTO VIAGGI (CODICE, PREZZO, DURATA, POSTI, POSTI_DISPONIBILI, 
    AUTISTA, LATITUDINE_PARTENZA, LONGITUDINE_PARTENZA, 
    DATA_PARTENZA, LATITUDINE_ARRIVO, 
    LONGITUDINE_ARRIVO, DATA_ARRIVO) 
    VALUES (codViaggio_Gen.nextval, '19,00', '+00 05:00:00.000000', 
    '4', '4', '000001', '20,004', '20,008',
    TO_DATE('2018-04-04 13:30:00', 'YYYY-MM-DD HH24:MI:SS'),
    '41,891', '12,511', 
    TO_DATE('2018-04-04 18:30:00', 'YYYY-MM-DD HH24:MI:SS'));

INSERT INTO TAPPE (VIAGGIO, LATITUDINE, LONGITUDINE) 
    VALUES ('000001', '14,000', '72,896');
    
INSERT INTO TAPPE (VIAGGIO, LATITUDINE, LONGITUDINE)
    VALUES ('000002', '78,896', '45,632');
    
INSERT INTO TAPPE (VIAGGIO, LATITUDINE, LONGITUDINE) 
    VALUES ('000003', '13,045', '16,789');
    
INSERT INTO TAPPE (VIAGGIO, LATITUDINE, LONGITUDINE) 
    VALUES ('000004', '20,004', '20,008');
    
    
INSERT INTO PRENOTAZIONI (CODICE, PASSEGGERO, VIAGGIO) 
    VALUES (codPrenotazioni_Gen.nextval, '000005', '000001');
    
INSERT INTO PRENOTAZIONI (CODICE, PASSEGGERO, VIAGGIO) 
    VALUES (codPrenotazioni_Gen.nextval, '000006', '000002');
    
INSERT INTO PRENOTAZIONI (CODICE, PASSEGGERO, VIAGGIO)
    VALUES (codPrenotazioni_Gen.nextval, '000007', '000003');

INSERT INTO PRENOTAZIONI (CODICE, PASSEGGERO, VIAGGIO)
    VALUES (codPrenotazioni_Gen.nextval, '000005', '000004');
    
INSERT INTO RECENSIONI (CODICE, VOTO, GIUDIZIO, 
    RECENSENTE, RECENSITO, VIAGGIO) 
    VALUES (codRecensioni_Gen.nextval, '4',
    'Brava persona, puntuale e abbastanza piacevole.',
    '000001', '000005', '000001');

INSERT INTO RECENSIONI (CODICE, VOTO, GIUDIZIO,
    RECENSENTE, RECENSITO, VIAGGIO)
    VALUES (codRecensioni_Gen.nextval, '3',
    'Autista un po spericolato, ma affidabile.',
    '000005', '000001', '000001');

INSERT INTO RECENSIONI (CODICE, VOTO, GIUDIZIO,
    RECENSENTE, RECENSITO, VIAGGIO) 
    VALUES (codRecensioni_Gen.nextval, '5', 'Tutto ok.',
    '000006', '000002', '000002');

INSERT INTO RECENSIONI (CODICE, VOTO, GIUDIZIO, RECENSENTE, 
    RECENSITO, VIAGGIO) VALUES (codRecensioni_Gen.nextval, '5',
    'Viaggio tutto ok. Guidatore molto affidabile, lo consiglio.',
    '000007', '000003', '000003');

INSERT INTO RECENSIONI (CODICE, VOTO, GIUDIZIO, RECENSENTE, 
    RECENSITO, VIAGGIO) VALUES (codRecensioni_Gen.nextval, '2',
    'Abbiamo fatto un incidente, non consiglio l''autista.',
    '000005', '000004', '000004');
	
EXEC INSERT_AUTO ('AP235FD', 'Ford Fiesta', 'Nera', '02 MAG 20');

EXEC INSERT_RECENSIONE (8, 5, 'Top', 7, 1, 1);